{
  "total_matches": 10,
  "compatibility_scores": {
    "average": 0.80495,
    "median": 0.82475,
    "std_dev": 0.09590078206146184,
    "min": 0.576,
    "max": 0.958,
    "percentile_25": 0.7671250000000001,
    "percentile_75": 0.8460625
  },
  "quality_distribution": {
    "excellent": 3,
    "excellent_pct": 30.0,
    "good": 4,
    "good_pct": 40.0,
    "fair": 2,
    "fair_pct": 20.0,
    "poor": 1,
    "poor_pct": 10.0
  },
  "age_differences": {
    "average": 3.6,
    "median": 2.5,
    "max": 16,
    "within_2_years": 5,
    "within_2_years_pct": 50.0,
    "within_5_years": 9,
    "within_5_years_pct": 90.0
  },
  "score_breakdown_averages": {
    "age": 0.7324999999999999,
    "education": 0.8559999999999999,
    "income": 0.925,
    "marital_status": 0.8800000000000001,
    "occupation": 0.7
  }
}