{
  "total_matches": 86,
  "compatibility_scores": {
    "average": 0.7574641283068166,
    "median": 0.8455,
    "std_dev": 0.17083787600439043,
    "min": 0.45352912922472094,
    "max": 0.958,
    "percentile_25": 0.5575426495971536,
    "percentile_75": 0.9098125
  },
  "quality_distribution": {
    "excellent": 42,
    "excellent_pct": 48.837209302325576,
    "good": 10,
    "good_pct": 11.627906976744185,
    "fair": 1,
    "fair_pct": 1.1627906976744187,
    "poor": 33,
    "poor_pct": 38.372093023255815
  },
  "age_differences": {
    "average": 8.767441860465116,
    "median": 1.5,
    "max": 36,
    "within_2_years": 50,
    "within_2_years_pct": 58.139534883720934,
    "within_5_years": 52,
    "within_5_years_pct": 60.46511627906976
  },
  "score_breakdown_averages": {
    "age": 0.6015236928600649,
    "education": 0.871627906976744,
    "income": 0.9459302325581394,
    "marital_status": 0.8709302325581394,
    "occupation": 0.7000000000000003
  }
}